{

  "title": "MyDirectCash Mobile",
  "message" : "AnyTime, AnyWhere, AnyPhone",
  "Commencer":"Get Started",
  "title1": "Money transfer",
  "content1":"Transfer money to an account that is or not DirectCash and the recipient will have their money as they see fit.",
  "title2": "Transactions OM/MoMo",
  "content2":"Carry out your Orange money and Mobile money transactions in complete security and in one click.",
  "title3": "Merchant payment",
  "content3":"You shop at MAHIMA, DOVE, Santa Lucia or other supermarket, pay your bills like the pros.",
  "title4": "Pay an invoice",
  "content4":"Pay and settle your ENEO and CAMWATER bills as well as your CANAL + subscriptions wherever you are from your phone.",
  "title5": "Purchase of communication credit",
  "title7": "Services Bancaire",
  "content5":"Now say stop to the lack of credit and top up your SIMs via our platform",
  "title6": "Producer counter",
                      "content6":"You are cocoa / coffee producers, you are agricultural input suppliers, so this is tailor-made to facilitate the management of your purchases as well as your subsidy",
                      "Phone":"Phone" ,
                      "Password":"Password",
                      "login":"login",
                      "Valider":"To validate",
                      "create":"Create an account",
                      "Ou":"Or",
                      "Scannez":"Scan your borrowing" , 
                      "loaderconex":"Connection incurs ...",
                      "name":"Name",
                      "loadercreate":"Account creation incurs ...",
   "email":"E-mail",
   "password1": "Create password",
   "condition":"By validating you accept the terms of use",
   "Lire":"Lire",
"Jai déjà un compte":"I already have an account",
"GUICHET":"COUNTER",
"PRODUCTEURS":"PRODUCERS",
"Solde courant":"Current balance",
"Mon solde en Dollar":"Mon solde en Dollar",
"Recharger mon compte":"Recharge my account",
"Payement Marchand":"Merchant payment",
"Envoi d'argent":"Sending money",
"ommom":"OM/MoMo",
"Payement de facture":"Bill payment",
"Achat de crédit":"Credit purchase",
"Choisissez le pays de destination":"Choose the destination country",
"Choisissez le coupon crédit":"Choisissez l'operateur",
"Choisir un pays":"Choose operator",

"Saisire montant":"Enter the Amount",
"Numero du compte":"Account number",
"Choisissez le type de transaction":"Choose the type of transaction",
"Dépôt":"Deposit",
"Retrait":"Withdrawal",
"Choisissez la facture à Payer": "Choose the invoice to Pay",
"Abonnement Canal":"Canal+ subscription",
"Effectuer votre réabonnement":"Make your renewal",
"Payer votre facture Enéo":"Pay your Enéo bill",
"Payer votre quittance d'eau": "Pay your water receipt",
"Choisissez le Bouquet de recharge":"Choose the Refill Bouquet",
"Saisissez votre numéro de contrat":"Enter your contract number",
"Vous êtes sur le point d'acheter le bouquet ACCESS pour 3 mois":"You are about to buy the ACCESS package for 3 months",
"Frais :":"Rate: ",
"le montant total à débité est de":"the total amount to be debited is ",
"Saisissez votre numéro d'abonnement":"Enter your subscription number",

"Saisissez le numéro bénéficiaire":"Enter the beneficiary number",
"suivant":"Next",
"Vous allez faire une recharge de":"You are going to recharge",
"au numéro":"to the number",
"Veuillez saisir le mot de passe pour valider la transastion":"Please enter the password to validate the transastion",
"annuler":"cancel",
"pays":"Cuntry",
"Ville de résidence":"town of residence",
"Sauvegarder":"Update",
"Accueil":"Home",
"Mes transactions":"My trades",
"Mon Compte":"My Account",
"Mes identifiants":"My credentials",
"Simulation facture ENEO":"ENEO invoice simulation",
"Guichet producteur":"Producer counter",
"Comment ça marche ?":"How it works ?",
"Se déconnecter":"Sign out",
"Langue":"Language",
"Englais":"English",
"Francais":"French",
"Aide et support":"Help and support",
"A propos de MyDirectCash":"About MyDirectCash",
"Configurer son mot de passe":"Configure your password",
"Ancien mot de passe":"Old Password",
"Confirmer mot de passe":"confirm password",
"Paramètres":"Settings",
"Profil":"Profil",
"Listes d'achats effectués":"Lists of purchases made",
"Rechercher":"Research",
"Envoi - Compte MyDirectCash":"Recharge - MyDirectCash Account",
"frais de":"costs",
"Montant total à débiter":"Total amount to be debited",
"Scannez le QR Code de la caisse":"Scan the checkout QR Code",
"ou":"Or",
"Entrez le code de la caisse":"Enter cash register code",
"Payement marchand":"Merchant payment",
"Vers un compte DirectCash":"Recharge an account DirectCash ",
"detail1":"Your recipient will then receive the money directly into their account",
"detail2": "The beneficiary will be able to receive the money at any DirectCash point",
"Transfert DirectCash":"DirectCash transfer",
"notification": "Top up your account using your OM/MOMO account or at a DirectCash point. You can also use credit card or your Paypal account.",
"Dernières transactions":"Latest transactions",
"Saisissez l ancien indice":"Enter the old clue",
"Saisissez le nouvel indice":"Enter the new clue",
"le nouvel indice dois être supérieur à l ancien":"the new index must be higher than the old one",
"Montant Estimatif":"Estimated Amount",
" Consomation ":" Consumption ",
 "Carte de crédit/Paypal":"Credit card/Paypal",
 "Copmte OM/MOMO":"OM/MOMO account",
 "Solde en attente:":"Pending Balance:",
"Recharge via DirectCash":"Recharge via DirectCash",
"Saisissez le code DirectCash":"Enter the DirectCash code",
"Saisissez votre code secret":"Enter your passcode",
"Code bancaire":"Bank code",
"saisissez le montant":"Enter the amount to Top up",
"Saisissez votre numéro de compte":"Enter your account number",
"Recharge via Virement bancaire":"Recharge via Bank Transfer",
"Virement Bancaire":"Bank Transfer",
"Choisissez votre banque":"Choose your bank",
"Recharge Carte de crédit/Paypal":"Credit card/Paypal top-up",
"Monais":"Monais",
"Amount":"Amount",
"Frais":"Frais",
"tarif":"Pricing Schedules",
"Share":"share app",
"en savoir plus":"Find out more",
"Vous allez faire un transfert  de":"You are going to make a transfer of",
"code secret":"Enter the 4 character secret code.",
"Choisir la Langue":"Choose Language",
"resset":"Forgot your password?",
"reset1":"Reset password - Verification",
"Password1":"New Password",
"code":"Code",
"Changer de Mot de Passe":"Change password",
"aide":"How can we help you?",
"whatsappMessage":"Write to us on whatsapp and our agents will answer you.",
"emailMessage":"Leave us an email and our teams will respond to you within 48 hours.",
"FaqsMessage":"Consult our Frequently Asked Questions and quickly find a solution to your problem.",
"errorlogin":"Your identifiers are incorrect, please enter your phone number and password",
"erreur":"Oops an error occurred",
"Chose operator":"Click to choose the service",
"Espagnol":"Spanish",
"montant":"Autres montants",
"Veuillez saisir le mot de passe pour valider la transastion1":"Veuillez saisir le numéro bénéficiaire et votre mot de passe pour valider la transastion"





                 
}