{
  "title": "MyDirectCash Mobile",
  "message" : "AnyTime, AnyWhere, AnyPhone",
  "Commencer":"Commencer",
  "title1": "Tansfert d'argent",
  "content1": "Transférez de l'argent dans un compte qui soit ou non DirectCash et le destinatare disposera de son argent comme bon lui semble.",
  "title2": "Transactions OM/MoMo",
  "content2":
          "Effectuez vos transactions Orange money et Mobile money en toute sécurité et en un click.",
          "title3": "Paiement marchand",
          "content3":
              "Vous faites vos courses à MAHIMA, DOVE, Santa Lucia ou autre supermarché, réglez vos factures comme des pros.",
              "title4": "Payer une facture",
              "title7": "Services Bancaire",
              "content4":
                  "Payez et régler vos factures ENEO, CAMWATER ainsi que vos réabonnements CANAL+ où que vous soyez à partir de votre téléphone.",
                  "title5": "Achat de crédit de communication",
                  "content5":
                      "Dites désormais stop au manque de crédit et rechargez vos SIM via notre plateforme",         
                      "title6": "Guichet producteur",
                      "content6":
                          "Vous êtes producteurs de Cacao/Café, vous êtes fournisseurs d'intrants agricoles, alors ceci est fait sur mesure pour faciliter la gestion de vos achats ainsi que votre subvention",
   "Phone":"Télephone" ,
   "Password":"Mot de passe",
   "login":"Connexion",
   "Valider":"Valider",
   "create":"Créer un compte"   ,
   "Ou":"Ou",
   "Scannez":"Scannez votre emprunte",
   "loaderconex":"Connexion en cour ..."  ,
   "loadercreate":"Creation de compte en cour ...",
   "name":"Nom",
   "email":"Email",
   "password1": "Créer mot de passe",
   "condition":"En validant vous acceptez les termes d'utilisation",
"Lire":"Lire",
"Jai déjà un compte":"J'ai déjà un compte",
"GUICHET":"GUICHET",
"PRODUCTEURS":"PRODUCTEURS",
"Solde courant":"Solde courant",
"Mon solde en Dollar":"Mon solde en Dollar",
"Recharger mon compte":"Recharger mon compte",
"Payement Marchand":"Paiement Marchand",
"Envoi d'argent":"Envoi d'argent",
"ommom":"OM\nMoMo",
"Payement de facture":"Paiement facture",
"Achat de crédit":"Achat de crédit",
"Choisissez le pays de destination":"Choisissez le pays de destination",
"Choisissez le coupon crédit":"Choisissez l'opérateur",
"Choisir un pays":"Choisir un pays",
"Saisissez le numéro bénéficiaire":"Saisissez le numéro bénéficiaire",

"Saisire montant":"Saisissez le montant à transférer",
"Numero du compte":"Numéro du compte",
"Choisissez le type de transaction":"Choisissez le type de transaction",
"Dépôt":"Dépôt",
"Retrait":"Retrait",
"Choisissez la facture à Payer": "Choisissez la facture à payer",
"Abonnement Canal":"Abonnement Canal+",
"Effectuer votre réabonnement":"Effectuer votre réabonnement",
"Payer votre facture Enéo":"Payer votre facture Enéo",
"Payer votre quittance d'eau": "Payer votre quittance d'eau",
"Choisissez le Bouquet de recharge":"Choisissez le Bouquet de recharge",
"Saisissez votre numéro de contrat":"Saisissez votre numéro de contrat",
"Vous êtes sur le point d'acheter le bouquet ACCESS pour 3 mois": "Vous êtes sur le point d'acheter le bouquet ACCESS pour 3 mois",
"Frais :":"Frais: ",
"le montant total à débité est de":"le montant total à débiter est de ",
"Saisissez votre numéro d'abonnement":"Saisissez votre numéro d'abonnement",
"Mot de passe DirectCash":"Mot de passe DirectCash",

"suivant":"Suivant",
"Vous allez faire une recharge de":"Vous allez faire une recharge de ",
"au numéro":"au numéro",
"Veuillez saisir le mot de passe pour valider la transastion":"Veuillez saisir le mot de passe pour valider la transastion",
"annuler":"Annuler",
"pays":"Pays",
"Ville de résidence":"Ville de résidence",
"Sauvegarder":"Sauvegarder",
"Accueil":"Accueil",
"Mes transactions":"Mes transactions",
"Mon Compte":"Mon Compte",
"Mes identifiants":"Mes identifiants",
"Simulation facture ENEO":"Simulation facture ENEO",
"Guichet producteur":"Guichet producteur",
"Comment ça marche ?":"Comment ça marche ?",
"Se déconnecter":"Se déconnecter",
"Langue":"Langue",
"Englais":"Anglais",
"Francais":"Francais",
"Aide et support":"Aide et support",
"A propos de MyDirectCash":"A propos de MyDirectCash",
"Configurer son mot de passe":"Configurer son mot de passe",
"Ancien mot de passe":"Ancien mot de passe",
"Confirmer mot de passe":"Confirmer mot de passe",
"Paramètres":"Paramètres",
"Profil":"Profil",
"Listes d'achats effectués":"Listes d'achats effectués",
"Rechercher":"Rechercher",
"Envoi - Compte MyDirectCash":"Rechargez un compte MyDirectCash",
"frais de":"frais de",
"Montant total à débiter":"Montant total à débiter",
"Scannez le QR Code de la caisse":"Scannez le QR Code de la caisse",
"ou":"Ou",
"Entrez le code de la caisse":"Entrez le code de la caisse",
"Payement marchand":"Paiement marchand",
"Vers un compte DirectCash":"Rechargez un compte MyDirectCash",

"detail1":"Votre destinataire recevra alors l'argent directement dans son compte",
"detail2": "Le bénéficiaire pourra toucher l'argent dans n'importe quel point DirectCash",
"Transfert DirectCash":"Transfert DirectCash",
"notification": "Recharger votre compte en utilisant votre compte OM/MOMO ou alors dans un point DirectCash. Vous pouvez aussi utiliser carte de credit ou votre compte Paypal."
,"Dernières transactions":"Dernières transactions",
"Saisissez l ancien indice":"Saisissez l ancien indice",
"Saisissez le nouvel indice":"Saisissez le nouvel indice",
"le nouvel indice dois être supérieur à l ancien":"le nouvel indice dois être supérieur à l ancien",
"Montant Estimatif":"Montant Estimatif",
"Carte de crédit/Paypal":"Carte de crédit/Paypal",
"Copmte OM/MOMO":"Compte OM/MOMO",
"Solde en attente:":"Solde en attente:",
"Recharge via DirectCash":"Recharge via DirectCash",
"Saisissez le code DirectCash":"Saisissez le code DirectCash",
"Saisissez votre code secret":"Saisissez votre code secret",
"Code bancaire":"Code bancaire",
"saisissez le montant":"Saisissez le montant à Recharger",
"Saisissez votre numéro de compte":"Saisissez votre numéro de compte",
"Recharge via Virement bancaire":"Recharge via Virement bancaire",
"Virement Bancaire":"Virement Bancaire",
"Choisissez votre banque":"Choisissez votre banque",
"Recharge Carte de crédit/Paypal":"Recharge Carte de crédit/Paypal",
"Monais":"Monais",
"Frais":"Frais",
"tarif":"Grilles Tarifaires",
"Share":"partager l'aplication",
"en savoir plus":"En savoir plus",
"Vous allez faire un transfert  de":"Vous allez faire un transfert  de",
"code secret":"Saisissez le code secret de 4 caracteres.",
"Choisir la Langue":"Choisir la Langue",
"resset":"Mot de passe oublié?",
"reset1":"Réinitialiser le mot de passe - Verification",
"Password1":"Nouveau Mot de passe",
"code":"Code" ,
"Changer de Mot de Passe":"Changer de Mot de Passe",
"aide":"Comment pouvons nous vous aidez ?",
"whatsappMessage":"Ecrivez nous sur whatsapp et nos agents vous répondrons.",
"emailMessage":"Laisser nous un mail et nos équipes vous répondrons sous 48h.",
"FaqsMessage":"Consultez notre Foire aux question et trouver vite une solution à votre problème.",
"Amount":"Amount",
"errorlogin":"Érreur! veuillez entrez votre numéro de téléphone et mot de passe",
"erreur":"Oups une erreur est survenue",
"Chose operator":"Cliquez pour choisir le service",
"Espagnol":"Espagnol",
"montant":"Autres montants",
"Veuillez saisir le mot de passe pour valider la transastion1":"Veuillez saisir le numéro bénéficiaire et votre mot de passe pour valider la transastion"







}